"continent","growth_percentage_compared_to_1970"
"Africa",170.99350036578141
"Asia",149.97474044362724
"Europe",15.113042662478312
"North America",56.667844400975056
"Oceania",26.08601167964653
"South America",20.235005160146557
